model,mae_mm,rmse_mm,r2
linear_regression,0.0016868444510679684,0.0028457736836044853,0.9999981221956343
mlp_regressor,0.058376083892214235,0.07143077374958849,0.9988169030476923
